﻿<?xml version="1.0" encoding="UTF-8"?>
<rtgui version="1.0">
  <class>Page</class>
  <widget class="Page" name="page1">
    <widgets>
      <widget name="listctrl1" class="ListCtrl">
        <property name="direction">
          <enum>VERTICAL</enum>
        </property>
        <property name="gap">
          <number>5</number>
        </property>
        <property name="rect">
          <x>12</x>
          <y>12</y>
          <width>200</width>
          <height>456</height>
        </property>
        <property name="background">
          <a>255</a>
          <r>255</r>
          <g>255</g>
          <b>255</b>
        </property>
      </widget>
    </widgets>
  </widget>
</rtgui>