﻿<?xml version="1.0" encoding="UTF-8"?>
<rtgui version="1.0">
  <class>Page</class>
  <widget class="Page" name="page1">
    <widgets>
      <widget name="listctrl1" class="ListCtrl">
        <property name="direction">
          <enum>VERTICAL</enum>
        </property>
        <property name="gap">
          <number>5</number>
        </property>
        <property name="rect">
          <x>40</x>
          <y>35</y>
          <width>200</width>
          <height>410</height>
        </property>
        <property name="background">
          <a>255</a>
          <r>185</r>
          <g>189</g>
          <b>227</b>
        </property>
        <widgets>
          <widget name="label1" class="Label">
            <property name="text">
              <string>Item 111</string>
            </property>
            <property name="rect">
              <x>41</x>
              <y>40</y>
              <width>196</width>
              <height>23</height>
            </property>
            <property name="align">
              <enum>RTGUI_ALIGN_LEFT | RTGUI_ALIGN_CENTER_VERTICAL</enum>
            </property>
            <property name="background">
              <a>0</a>
              <r>212</r>
              <g>208</g>
              <b>200</b>
            </property>
          </widget>
          <widget name="label2" class="Label">
            <property name="text">
              <string>label2</string>
            </property>
            <property name="rect">
              <x>41</x>
              <y>68</y>
              <width>196</width>
              <height>23</height>
            </property>
            <property name="align">
              <enum>RTGUI_ALIGN_LEFT | RTGUI_ALIGN_CENTER_VERTICAL</enum>
            </property>
            <property name="background">
              <a>0</a>
              <r>212</r>
              <g>208</g>
              <b>200</b>
            </property>
          </widget>
          <widget name="label3" class="Label">
            <property name="text">
              <string>Item 333</string>
            </property>
            <property name="rect">
              <x>41</x>
              <y>96</y>
              <width>196</width>
              <height>23</height>
            </property>
            <property name="align">
              <enum>RTGUI_ALIGN_RIGHT | RTGUI_ALIGN_CENTER_VERTICAL</enum>
            </property>
            <property name="background">
              <a>0</a>
              <r>212</r>
              <g>208</g>
              <b>200</b>
            </property>
          </widget>
          <widget name="label4" class="Label">
            <property name="text">
              <string>  label4</string>
            </property>
            <property name="rect">
              <x>41</x>
              <y>124</y>
              <width>100</width>
              <height>23</height>
            </property>
            <property name="align">
              <enum>RTGUI_ALIGN_LEFT | RTGUI_ALIGN_CENTER_VERTICAL</enum>
            </property>
          </widget>
          <widget name="label5" class="Label">
            <property name="text">
              <string>label5</string>
            </property>
            <property name="rect">
              <x>41</x>
              <y>152</y>
              <width>100</width>
              <height>23</height>
            </property>
          </widget>
          <widget name="label6" class="Label">
            <property name="text">
              <string>label6</string>
            </property>
            <property name="rect">
              <x>41</x>
              <y>180</y>
              <width>100</width>
              <height>23</height>
            </property>
          </widget>
          <widget name="label7" class="Label">
            <property name="text">
              <string>label7</string>
            </property>
            <property name="rect">
              <x>41</x>
              <y>208</y>
              <width>100</width>
              <height>23</height>
            </property>
          </widget>
          <widget name="label8" class="Label">
            <property name="text">
              <string>label8</string>
            </property>
            <property name="rect">
              <x>41</x>
              <y>236</y>
              <width>100</width>
              <height>23</height>
            </property>
          </widget>
          <widget name="label9" class="Label">
            <property name="text">
              <string>label9</string>
            </property>
            <property name="rect">
              <x>41</x>
              <y>264</y>
              <width>196</width>
              <height>23</height>
            </property>
            <property name="align">
              <enum>RTGUI_ALIGN_RIGHT | RTGUI_ALIGN_CENTER_VERTICAL</enum>
            </property>
          </widget>
          <widget name="label10" class="Label">
            <property name="text">
              <string>label10</string>
            </property>
            <property name="rect">
              <x>41</x>
              <y>292</y>
              <width>100</width>
              <height>23</height>
            </property>
          </widget>
          <widget name="label11" class="Label">
            <property name="text">
              <string>label11</string>
            </property>
            <property name="rect">
              <x>41</x>
              <y>320</y>
              <width>100</width>
              <height>23</height>
            </property>
          </widget>
          <widget name="label12" class="Label">
            <property name="text">
              <string>label12</string>
            </property>
            <property name="rect">
              <x>41</x>
              <y>348</y>
              <width>100</width>
              <height>23</height>
            </property>
          </widget>
          <widget name="label13" class="Label">
            <property name="text">
              <string>label13</string>
            </property>
            <property name="rect">
              <x>41</x>
              <y>376</y>
              <width>100</width>
              <height>23</height>
            </property>
          </widget>
          <widget name="label14" class="Label">
            <property name="text">
              <string>label14</string>
            </property>
            <property name="rect">
              <x>41</x>
              <y>404</y>
              <width>196</width>
              <height>23</height>
            </property>
            <property name="align">
              <enum>RTGUI_ALIGN_CENTER_HORIZONTAL | RTGUI_ALIGN_CENTER_VERTICAL</enum>
            </property>
          </widget>
        </widgets>
      </widget>
    </widgets>
  </widget>
</rtgui>