﻿<?xml version="1.0" encoding="UTF-8"?>
<rtgui version="1.0">
  <class>Page</class>
  <widget class="Page" name="page1">
    <property name="backgroundImg">
      <string>calc_bgImg.png</string>
    </property>
    <widgets>
      <widget name="result" class="Label">
        <property name="rect">
          <x>174</x>
          <y>100</y>
          <width>446</width>
          <height>44</height>
        </property>
        <property name="align">
          <enum>RTGUI_ALIGN_RIGHT | RTGUI_ALIGN_BOTTOM</enum>
        </property>
        <property name="background">
          <a>255</a>
          <r>226</r>
          <g>226</g>
          <b>226</b>
        </property>
      </widget>
      <widget name="btnDiv" class="Button" bindtap="onButton">
        <property name="downImg">
          <string>pressed.png</string>
        </property>
        <property name="rect">
          <x>285</x>
          <y>156</y>
          <width>110</width>
          <height>46</height>
        </property>
        <property name="align">
          <enum>RTGUI_ALIGN_CENTER_HORIZONTAL | RTGUI_ALIGN_CENTER_VERTICAL</enum>
        </property>
        <property name="background">
          <a>0</a>
          <r>212</r>
          <g>208</g>
          <b>200</b>
        </property>
      </widget>
      <widget name="btnEqu" class="Button" bindtap="onButton">
        <property name="downImg">
          <string>pressed.png</string>
        </property>
        <property name="rect">
          <x>510</x>
          <y>306</y>
          <width>111</width>
          <height>96</height>
        </property>
        <property name="align">
          <enum>RTGUI_ALIGN_CENTER_HORIZONTAL | RTGUI_ALIGN_CENTER_VERTICAL</enum>
        </property>
        <property name="background">
          <a>0</a>
          <r>212</r>
          <g>208</g>
          <b>200</b>
        </property>
      </widget>
      <widget name="btnback" class="Button" bindtap="onButton">
        <property name="downImg">
          <string>pressed.png</string>
        </property>
        <property name="rect">
          <x>510</x>
          <y>156</y>
          <width>110</width>
          <height>48</height>
        </property>
        <property name="align">
          <enum>RTGUI_ALIGN_CENTER_HORIZONTAL | RTGUI_ALIGN_CENTER_VERTICAL</enum>
        </property>
        <property name="background">
          <a>0</a>
          <r>212</r>
          <g>208</g>
          <b>200</b>
        </property>
      </widget>
      <widget name="btnAdd" class="Button" bindtap="onButton">
        <property name="downImg">
          <string>pressed.png</string>
        </property>
        <property name="rect">
          <x>510</x>
          <y>255</y>
          <width>111</width>
          <height>50</height>
        </property>
        <property name="align">
          <enum>RTGUI_ALIGN_CENTER_HORIZONTAL | RTGUI_ALIGN_CENTER_VERTICAL</enum>
        </property>
        <property name="background">
          <a>0</a>
          <r>212</r>
          <g>208</g>
          <b>200</b>
        </property>
      </widget>
      <widget name="btnMul" class="Button" bindtap="onButton">
        <property name="downImg">
          <string>pressed.png</string>
        </property>
        <property name="rect">
          <x>399</x>
          <y>157</y>
          <width>110</width>
          <height>46</height>
        </property>
        <property name="align">
          <enum>RTGUI_ALIGN_CENTER_HORIZONTAL | RTGUI_ALIGN_CENTER_VERTICAL</enum>
        </property>
        <property name="background">
          <a>0</a>
          <r>212</r>
          <g>208</g>
          <b>200</b>
        </property>
      </widget>
      <widget name="btnSub" class="Button" bindtap="onButton">
        <property name="downImg">
          <string>pressed.png</string>
        </property>
        <property name="rect">
          <x>510</x>
          <y>206</y>
          <width>111</width>
          <height>50</height>
        </property>
        <property name="align">
          <enum>RTGUI_ALIGN_CENTER_HORIZONTAL | RTGUI_ALIGN_CENTER_VERTICAL</enum>
        </property>
        <property name="background">
          <a>0</a>
          <r>212</r>
          <g>208</g>
          <b>200</b>
        </property>
      </widget>
      <widget name="num7" class="Button" bindtap="onButton">
        <property name="downImg">
          <string>pressed.png</string>
        </property>
        <property name="rect">
          <x>174</x>
          <y>206</y>
          <width>110</width>
          <height>46</height>
        </property>
        <property name="align">
          <enum>RTGUI_ALIGN_CENTER_HORIZONTAL | RTGUI_ALIGN_CENTER_VERTICAL</enum>
        </property>
        <property name="background">
          <a>0</a>
          <r>212</r>
          <g>208</g>
          <b>200</b>
        </property>
      </widget>
      <widget name="num8" class="Button" bindtap="onButton">
        <property name="downImg">
          <string>pressed.png</string>
        </property>
        <property name="rect">
          <x>285</x>
          <y>206</y>
          <width>110</width>
          <height>46</height>
        </property>
        <property name="align">
          <enum>RTGUI_ALIGN_CENTER_HORIZONTAL | RTGUI_ALIGN_CENTER_VERTICAL</enum>
        </property>
        <property name="background">
          <a>0</a>
          <r>212</r>
          <g>208</g>
          <b>200</b>
        </property>
      </widget>
      <widget name="num9" class="Button" bindtap="onButton">
        <property name="downImg">
          <string>pressed.png</string>
        </property>
        <property name="rect">
          <x>398</x>
          <y>206</y>
          <width>110</width>
          <height>46</height>
        </property>
        <property name="align">
          <enum>RTGUI_ALIGN_CENTER_HORIZONTAL | RTGUI_ALIGN_CENTER_VERTICAL</enum>
        </property>
        <property name="background">
          <a>0</a>
          <r>212</r>
          <g>208</g>
          <b>200</b>
        </property>
      </widget>
      <widget name="num0" class="Button" bindtap="onButton">
        <property name="downImg">
          <string>pressed.png</string>
        </property>
        <property name="rect">
          <x>174</x>
          <y>356</y>
          <width>219</width>
          <height>46</height>
        </property>
        <property name="align">
          <enum>RTGUI_ALIGN_CENTER_HORIZONTAL | RTGUI_ALIGN_CENTER_VERTICAL</enum>
        </property>
        <property name="background">
          <a>0</a>
          <r>212</r>
          <g>208</g>
          <b>200</b>
        </property>
      </widget>
      <widget name="numdot" class="Button" bindtap="onButton">
        <property name="downImg">
          <string>pressed.png</string>
        </property>
        <property name="rect">
          <x>396</x>
          <y>356</y>
          <width>111</width>
          <height>46</height>
        </property>
        <property name="align">
          <enum>RTGUI_ALIGN_CENTER_HORIZONTAL | RTGUI_ALIGN_CENTER_VERTICAL</enum>
        </property>
        <property name="background">
          <a>0</a>
          <r>212</r>
          <g>208</g>
          <b>200</b>
        </property>
      </widget>
      <widget name="btnClear" class="Button" bindtap="onButton">
        <property name="downImg">
          <string>pressed.png</string>
        </property>
        <property name="rect">
          <x>174</x>
          <y>156</y>
          <width>110</width>
          <height>46</height>
        </property>
        <property name="align">
          <enum>RTGUI_ALIGN_CENTER_HORIZONTAL | RTGUI_ALIGN_CENTER_VERTICAL</enum>
        </property>
        <property name="background">
          <a>0</a>
          <r>212</r>
          <g>208</g>
          <b>200</b>
        </property>
      </widget>
      <widget name="num4" class="Button" bindtap="onButton">
        <property name="downImg">
          <string>pressed.png</string>
        </property>
        <property name="rect">
          <x>174</x>
          <y>256</y>
          <width>110</width>
          <height>46</height>
        </property>
        <property name="align">
          <enum>RTGUI_ALIGN_CENTER_HORIZONTAL | RTGUI_ALIGN_CENTER_VERTICAL</enum>
        </property>
        <property name="background">
          <a>0</a>
          <r>212</r>
          <g>208</g>
          <b>200</b>
        </property>
      </widget>
      <widget name="num5" class="Button" bindtap="onButton">
        <property name="downImg">
          <string>pressed.png</string>
        </property>
        <property name="rect">
          <x>285</x>
          <y>255</y>
          <width>110</width>
          <height>46</height>
        </property>
        <property name="align">
          <enum>RTGUI_ALIGN_CENTER_HORIZONTAL | RTGUI_ALIGN_CENTER_VERTICAL</enum>
        </property>
        <property name="background">
          <a>0</a>
          <r>212</r>
          <g>208</g>
          <b>200</b>
        </property>
      </widget>
      <widget name="num6" class="Button" bindtap="onButton">
        <property name="downImg">
          <string>pressed.png</string>
        </property>
        <property name="rect">
          <x>399</x>
          <y>255</y>
          <width>110</width>
          <height>46</height>
        </property>
        <property name="align">
          <enum>RTGUI_ALIGN_CENTER_HORIZONTAL | RTGUI_ALIGN_CENTER_VERTICAL</enum>
        </property>
        <property name="background">
          <a>0</a>
          <r>212</r>
          <g>208</g>
          <b>200</b>
        </property>
      </widget>
      <widget name="num1" class="Button" bindtap="onButton">
        <property name="downImg">
          <string>pressed.png</string>
        </property>
        <property name="rect">
          <x>174</x>
          <y>306</y>
          <width>110</width>
          <height>46</height>
        </property>
        <property name="align">
          <enum>RTGUI_ALIGN_CENTER_HORIZONTAL | RTGUI_ALIGN_CENTER_VERTICAL</enum>
        </property>
        <property name="background">
          <a>0</a>
          <r>212</r>
          <g>208</g>
          <b>200</b>
        </property>
      </widget>
      <widget name="num3" class="Button" bindtap="onButton">
        <property name="downImg">
          <string>pressed.png</string>
        </property>
        <property name="rect">
          <x>398</x>
          <y>306</y>
          <width>110</width>
          <height>46</height>
        </property>
        <property name="align">
          <enum>RTGUI_ALIGN_CENTER_HORIZONTAL | RTGUI_ALIGN_CENTER_VERTICAL</enum>
        </property>
        <property name="background">
          <a>0</a>
          <r>212</r>
          <g>208</g>
          <b>200</b>
        </property>
      </widget>
      <widget name="num2" class="Button" bindtap="onButton">
        <property name="downImg">
          <string>pressed.png</string>
        </property>
        <property name="rect">
          <x>285</x>
          <y>306</y>
          <width>110</width>
          <height>46</height>
        </property>
        <property name="align">
          <enum>RTGUI_ALIGN_CENTER_HORIZONTAL | RTGUI_ALIGN_CENTER_VERTICAL</enum>
        </property>
        <property name="background">
          <a>0</a>
          <r>212</r>
          <g>208</g>
          <b>200</b>
        </property>
      </widget>
    </widgets>
  </widget>
</rtgui>