﻿<?xml version="1.0" encoding="UTF-8"?>
<rtgui version="1.0">
  <class>Page</class>
  <widget class="Page" name="page1">
    <widgets>
      <widget name="button1" class="Button" bindtap="onButton">
        <property name="text">
          <string>OK</string>
        </property>
        <property name="norImg">
          <string>button_nor.png</string>
        </property>
        <property name="downImg">
          <string>button_down.png</string>
        </property>
        <property name="rect">
          <x>284</x>
          <y>209</y>
          <width>200</width>
          <height>75</height>
        </property>
        <property name="align">
          <enum>RTGUI_ALIGN_CENTER_HORIZONTAL | RTGUI_ALIGN_CENTER_VERTICAL</enum>
        </property>
      </widget>
      <widget name="label1" class="Label">
        <property name="text">
          <string>Hello World</string>
        </property>
        <property name="rect">
          <x>314</x>
          <y>162</y>
          <width>137</width>
          <height>23</height>
        </property>
        <property name="align">
          <enum>RTGUI_ALIGN_CENTER_HORIZONTAL | RTGUI_ALIGN_CENTER_VERTICAL</enum>
        </property>
      </widget>
    </widgets>
  </widget>
</rtgui>