﻿<?xml version="1.0" encoding="UTF-8"?>
<rtgui version="1.0">
  <class>Page</class>
  <widget class="Page" name="page1">
    <widgets>
      <widget name="Canvas1" class="Canvas">
        <property name="rect">
          <x>12</x>
          <y>12</y>
          <width>776</width>
          <height>456</height>
        </property>
        <property name="background">
          <a>255</a>
          <r>255</r>
          <g>255</g>
          <b>255</b>
        </property>
        <property name="font">
          <family>hz</family>
          <size>16</size>
        </property>
      </widget>
    </widgets>
  </widget>
</rtgui>