﻿<?xml version="1.0" encoding="UTF-8"?>
<rtgui version="1.0">
  <class>Page</class>
  <widget class="Page" name="page2">
    <widgets>
      <widget name="button1" class="Button" bindtap="onButton">
        <property name="text">
          <string>Back</string>
        </property>
        <property name="norImg">
          <string>button_nor.png</string>
        </property>
        <property name="downImg">
          <string>button_down.png</string>
        </property>
        <property name="rect">
          <x>588</x>
          <y>393</y>
          <width>200</width>
          <height>75</height>
        </property>
        <property name="align">
          <enum>RTGUI_ALIGN_CENTER_HORIZONTAL | RTGUI_ALIGN_CENTER_VERTICAL</enum>
        </property>
      </widget>
    </widgets>
  </widget>
</rtgui>